140,140,13.459920208848928
6,27,9.676009680792266
134,27,9.495095207829126
960,960,9.20083752800962
6,32,8.758797669853381
995,373,6.991442893042367
998,721,6.808671535735687
994,6,6.623323062899457
134,158,6.5238668728157565
138,4,6.36100088032088
290,253,6.242785180786756
6,88,6.053348467211696
6,39,5.805307832003951
206,1062,5.792953271247416
44,27,5.694655479619366
373,32,5.668916894937237
44,994,5.55189906555142
2,316,5.244526781964502
995,721,5.194995449715008
1441,373,4.898991287159163
994,1321,4.8766584662614445
403,253,4.851066114387099
291,369,4.846899024644226
4,816,4.805689818623664
44,316,4.788600063451765
37216,4,4.783167715313173
77,291,4.659742466454099
27,2418,4.657246352505787
1236,253,4.531135960937922
1442,134,4.481490087811877
995,253,4.46246828113814
32,989,4.392829781585794
6,5,4.391554543671745
134,253,4.387270223524601
291,339,4.348600862672718
4,5065,4.344423006787447
32,327,4.2751259019025
134,206,4.17882155844996
86,34,4.1196586318765265
721,1321,4.029471208979411
1519,369,4.0268638228471305
1227,19119,3.9987360841160613
987,1445,3.9922068388859917
987,984,3.9754529065012236
34,220,3.9428233549602543
134,7377,3.918792495914074
994,163,3.9111588772489463
134,992,3.864990667714444
1042,32,3.850694626988631
989,369,3.7823862251234464
44,1445,3.774685490621734
1011,26,3.734247830445142
4,1309,3.726113554330048
994,1015,3.693618106767691
134,86,3.6805450713054437
2,29,3.6004945445495187
333,2418,3.5597816281190706
5,206,3.5443088217480905
1520,1520,3.524510606543995
994,220,3.51941020115574
385,79,3.499286942939502
4,623,3.492791824964132
995,459,3.4613833529491203
39,1314,3.448528916160393
6174,2426,3.4384940808106013
4,147,3.4272388062138526
46,32,3.385863254468865
994,1519,3.355890584255273
333,1016,3.3208415474882673
253,1445,3.3011383454311845
1442,987,3.2918027812399866
291,147,3.2366216274150688
677,88,3.2144416860951894
6,992,3.183075988516344
4,25205,3.1790318538142577
369,206,3.172680030553739
1450,140,3.158467852525095
372,998,3.1078591242900524
1441,2,3.09754652285073
19119,26,3.0857294780452627
995,1227,3.0854996440968607
2293,4,3.069159246767194
1236,992,3.065473015725388
27,6092,3.059339516067472
7377,23505,3.054316920325996
995,7377,3.051231658816039
1440,26,3.0242055481786427
134,5,2.997722425177326
77,1299,2.9938478935936246
38,640,2.990178328413802
403,73,2.9647193321954126
1062,987,2.9535688981091246
1441,26,2.9093432175790115
605,1440,2.9085412584143584
995,602,2.8864007998674204
316,1445,2.8770376685872927
253,989,2.868353840500859
1449,721,2.8518268707363794
994,6772,2.8435025737212927
998,327,2.823467664059817
1230,4,2.818535117357077
624,995,2.8097746631168197
1450,984,2.789442808526802
1449,1441,2.769119635544015
1824,989,2.7680265745663926
998,5943,2.7549851983556
339,2,2.744495659970795
995,3430,2.721709364776909
27,1988,2.7094956779264656
1236,34,2.7023571927040257
638,5697,2.697785644260336
39,23275,2.694548504886467
34,1299,2.6940070235464098
27,5065,2.6878720070221984
2706,39,2.687550819347166
718,291,2.683388577935128
46,403,2.682998181907526
136,32,2.663799279402383
99,1227,2.6629864525872153
10,989,2.6612186216398803
995,4400,2.650286751801962
1928,994,2.642898337001259
721,2426,2.621814431093111
995,352,2.6064401669205948
6174,1440,2.6061720257498173
73,640,2.6021743877812455
989,5,2.584761754674604
211,1062,2.582364425503947
1442,1020,2.576472624262625
1228,603,2.5721074090967018
995,3264,2.571930738746135
5931,2706,2.543359220944679
99,15436,2.5407686284181166
290,623,2.514937980289443
1441,5933,2.503605401791757
140,369,2.491839940464614
2426,253,2.462200530320154
34,7377,2.4507307528138824
2,2426,2.4494559128827267
640,146,2.4352684962779017
1503,1988,2.4264623772403215
140,2706,2.4252108585824628
638,633,2.421087692210851
140,1016,2.3969576511513857
290,1301,2.394853658258674
1228,298,2.37804805137948
5578,26,2.371378284917989
12293,2054,2.354984803532532
989,38,2.3495003002487973
26,339,2.349487421719263
1020,2418,2.3380597382387314
140,88,2.334043800571825
74,989,2.3331724802338205
5932,996,2.331431860693796
4400,6527,2.329960352920153
173,4400,2.3289935841069607
638,408,2.3276407748436814
1300,1317,2.3207200247167132
998,1446,2.3125690818849964
134,1519,2.3018894551133515
605,1988,2.298407238461962
1449,1016,2.293635355725451
1519,32,2.2911916731083375
1441,360,2.2839948376350865
51,1227,2.2802453409286025
602,79,2.2788957767494207
996,4259,2.2759705192011386
330,31,2.271433279592946
370,4298,2.2691499893865945
109,291,2.252306423031994
16668,1440,2.2406487344814945
23275,1449,2.2362173775888983
1441,6775,2.2242621551188084
994,292,2.22278006893185
79,38,2.221462934167694
36827,2426,2.220587220297907
292,1005,2.219625524824561
134,6188,2.2128750228903873
73,689,2.211418104942536
1442,172,2.204610603944069
3117,998,2.197160620182453
995,1299,2.1795598422709617
99,1445,2.176531476797767
134,985,2.1744977632994598
27,27201,2.16509978859087
1438,2293,2.1524583329464946
997,32,2.1462998100398325
891,750,2.1366429928618924
323,26,2.136097066659194
750,5943,2.1208444962027366
2426,1314,2.1172837250343055
3115,714,2.1172150716716214
1314,459,2.115701940008237
136,995,2.0826016050233114
1450,1300,2.0579716481991035
988,32,2.0541495536499133
6186,998,2.0496058888888404
368,359,2.0491860241333324
2426,1757,2.0336162846145367
1442,99,2.0207405874399966
994,28446,2.018727010830391
371,2293,2.0031293655153335
16901,369,2.002625461319275
1300,731,2.0011049047835883
997,141,1.9958201200983452
138,5065,1.9913756612518672
1010,369,1.970007513115147
7377,21691,1.9649705475640706
140,1440,1.962108314405815
291,5697,1.9612093623350373
141,9626,1.9578912917905416
34,3430,1.9545912899993434
360,1301,1.9500412837001395
1020,1299,1.9472928143365897
291,1020,1.947031769411928
4,5933,1.945721110155079
624,677,1.939285273872458
1441,1003,1.933941050332402
1301,1928,1.9291839626923175
989,6192,1.9278655686153172
333,4219,1.903526789957698
354,88,1.899237135206162
2296,995,1.8959893638362024
985,32,1.8895502917826885
6527,6526,1.8836203256652655
172,992,1.8713373123016805
370,994,1.8707204526802665
5931,373,1.8654746779217017
992,137,1.8561806827046046
625,400,1.8548881165963496
352,26,1.8545540775714855
638,1450,1.8417364135757988
109,919,1.8396006473396485
44,369,1.8354527591984156
136,99,1.8330356271141541
638,677,1.8320896614067284
4,4219,1.830431863820309
211,1011,1.826716312065118
34,27678,1.8243958023705842
899,408,1.8243786994987237
996,984,1.8223693505699168
712,2419,1.8216378321700502
298,640,1.8086482804051873
290,1440,1.7979583090920186
995,408,1.787295764172466
6,6092,1.7791070655859975
9626,32,1.7768847464782689
995,6773,1.7712383133354606
39,6527,1.7703018599063194
4225,2298,1.768450809595591
1441,4718,1.7682269962759756
721,714,1.7676864001248855
720,1037,1.7607963864873548
623,640,1.753411461070564
12038,23610,1.748397396391804
360,143,1.746993597740627
750,1301,1.7439740441383562
1314,6527,1.7398202853044595
1988,995,1.7250922685727677
1324,140,1.7215991875325438
998,1324,1.7192280994690545
333,621,1.7168904926948139
998,1227,1.7167994936285966
5943,4,1.7007366472131262
1228,2298,1.6903612755675987
1015,1450,1.6861231275295512
603,625,1.6798326670436754
995,896,1.677883996441339
6527,1228,1.6755482306562801
2426,6187,1.6723924777133632
2,9626,1.6712734704044236
5802,1445,1.66888625736633
3117,5578,1.6581824904323268
1501,26,1.6572519209686007
1316,640,1.6523814518543345
77,112,1.6484500606363586
21348,12289,1.6452024728118975
992,996,1.6433826499472697
990,984,1.641721976220202
1314,28446,1.622810331158457
86,1016,1.6164763393980417
2054,21691,1.6152327273306162
400,965,1.6142662133693113
1301,373,1.6121608447941127
39,3264,1.6100589613916143
1321,1316,1.6098777017615968
4,13648,1.6090245793873725
19119,10625,1.6076350004212159
708,27678,1.6047932687793138
720,134,1.603055976973732
739,720,1.600829998374442
39,3117,1.6004676000817168
919,1300,1.5975978471132968
1015,138,1.5948972647722206
27,9716,1.5935683443238822
30,1227,1.5889621011635686
147,1016,1.5801191051987806
6192,6772,1.57905945387582
4718,136,1.578993205594712
77,6772,1.5746127831424905
5931,39,1.5693445024893138
2293,372,1.5645579409617794
34,19119,1.5601226254435383
998,29,1.552428010577935
23919,32,1.5440182274380603
1231,718,1.5401925788530464
140,146,1.529677580886497
1020,1309,1.5235484978394247
19119,16438,1.5132346133944459
602,677,1.5120538401467791
998,13648,1.5060664281704437
1824,1300,1.5044953430722197
919,1015,1.500603679029929
140,6188,1.4995527286378472
1438,334,1.4970994751495281
142,1011,1.496804861788817
291,6176,1.4941114748262088
718,1322,1.4929446589560653
99,80,1.4874833129261615
5799,4,1.485263578840424
998,28446,1.4829166966336105
211,1016,1.4810186792048086
1310,291,1.4807665800876866
32617,99,1.4802287860595396
360,2706,1.4774917311613434
6,23275,1.4761175707581278
4005,1597,1.470505704826253
333,992,1.467946196503461
4,1520,1.4654237087678605
173,602,1.4595282601032509
26,6773,1.4582987691794056
211,6093,1.4580278626289427
369,81,1.4509000734534778
16901,291,1.4453556217283239
291,5805,1.4439246679238193
206,408,1.4394565189635733
16668,2,1.4366913584864704
9710,4,1.436524636258806
6,1229,1.4350026330662615
26,17331,1.4326568237498574
5574,5578,1.4292422246115817
10625,992,1.428691940281039
4400,2423,1.4262782084685022
6186,2418,1.421990303680785
108,756,1.4215489650944184
3264,4300,1.4169437288809648
718,677,1.409896716356795
301,5943,1.408942809772502
73,142,1.4051256687283122
6526,6521,1.4040363224749137
4299,7982,1.3986409508334003
708,4223,1.3953766588530994
146,8633,1.3953465826817242
142,172,1.3906492102607322
459,718,1.3806400540270005
15436,211,1.3702228340896636
6772,1440,1.3676974803009616
3117,5933,1.3675015807372113
640,4300,1.362599652320315
112,38,1.3465708793695663
605,334,1.344312867093112
712,2984,1.34163354312251
77,11573,1.3412964484468457
136,134,1.3383123552762963
990,211,1.337699545511639
211,108,1.3373831605373168
2054,206,1.3371874375063388
750,4113,1.3358167781977344
1062,1441,1.3290069167201168
1445,1988,1.326499057316954
1579,211,1.3260385469071307
605,6882,1.3240794101806146
33572,7511,1.3238977071444717
8125,677,1.314604664476543
623,989,1.31362351169587
88,7512,1.3090630988022298
89,1227,1.3076842940888618
173,176,1.3075444351620655
12195,12205,1.3052873333452615
369,4619,1.3041823368768486
143,323,1.3033154629556942
34,731,1.3003583569697905
998,18748,1.2978172088755344
371,3117,1.2976516982442603
640,6775,1.2954552761269866
2427,349,1.293343751658277
2944,12517,1.2890077787609062
919,9626,1.2871364449541447
1014,6069,1.2855701619443414
77,176,1.2812901527899734
7515,7513,1.2796854229629753
30056,26,1.2731793167415473
3549,915,1.2716279637326249
40,8,1.268082186427832
27838,720,1.2667978102075064
990,721,1.266197408092291
3554,26,1.263827375541627
714,253,1.2614014194767469
11573,4753,1.260496727086557
4004,1299,1.2531825430462908
292,32,1.2527461228172965
11022,6174,1.2502265531782242
6174,459,1.2479551046000097
6,112,1.2469055709358163
1228,677,1.2465942031144506
19119,919,1.2448012984095667
5067,27,1.244156148660635
1228,176,1.243861601214922
141,147,1.2413840195955577
992,984,1.241140913571721
1324,147,1.2410696771749326
6,6188,1.2409928495474878
18269,1871,1.2386979653798884
359,6178,1.2385466090027275
1309,2054,1.235084576397125
106,847,1.23368324545027
1440,3264,1.23027773911554
362,317,1.2288690316973092
1440,3952,1.2265283127227185
147,106,1.226391793762033
5800,1445,1.2253624937861343
34,12517,1.223549129545375
988,996,1.2217003333962666
5931,211,1.2208476920381433
2293,1227,1.2197626248027804
142,1436,1.2194519280679172
739,1300,1.2169754052359476
1014,816,1.2127776525177003
146,2420,1.2122284286822949
6186,1016,1.2121803348611695
635,176,1.2112334825026079
2970,176,1.2059156587114521
109,988,1.205806725372174
3115,29,1.2052912321006957
291,30,1.202326472781035
1321,3117,1.1997257308237743
1449,640,1.192194347681942
291,28446,1.1887811611485601
86,140,1.1872580993309334
1317,220,1.1857212394711363
2296,4990,1.1826088317602832
997,5,1.1822299814256474
147,4753,1.1819974877710413
51,9626,1.1818973595674294
3430,147,1.1816409679719868
173,605,1.1756700789046084
2706,640,1.1683413235504017
220,1300,1.1656073471251454
638,620,1.164650081338017
1003,371,1.1607222020511487
23993,253,1.159852910010616
990,999,1.1585453879156047
3430,10,1.1570812610494565
2419,81,1.1498722109880213
998,12293,1.147770949263256
4225,4217,1.1463933483969084
3554,27,1.1454702159111236
290,5065,1.145292774225146
1300,6772,1.145026232984592
5313,996,1.139131068885097
2296,253,1.1346998727650772
621,625,1.1336325324286347
1010,146,1.1334264545154134
11024,6527,1.1327743142312112
4113,134,1.1298186764321403
3554,602,1.1273090782180404
369,2666,1.1257446982327974
4225,408,1.122411904009315
750,6188,1.1220569738724255
632,19334,1.1107510086518741
4223,5578,1.110526029423022
15632,759,1.110388653884948
99,708,1.1097869017773858
11025,915,1.1065826038006668
18944,1579,1.1065788314619067
28446,8633,1.1031788625460297
1015,89,1.1011427395813822
370,4162,1.0991527334226014
291,3117,1.0960737431179526
28446,32,1.095679838643249
34,4400,1.0939838042936763
1062,997,1.0911788067902235
4225,27838,1.0904452646835059
4072,4,1.089443678317667
1441,999,1.0888181266000974
291,4218,1.0734051426075262
141,51,1.0725213326872782
4218,77,1.0689128278664497
44,23275,1.0687730389455614
5942,308,1.0654033707410677
1228,985,1.0644429620376128
5800,996,1.061183269983598
960,298,1.0544037962835682
26865,4619,1.0505912481008963
5800,15436,1.0500067647692302
27,6521,1.0497823547237646
15541,4299,1.0448398540710153
39410,4299,1.0436137367431226
27303,136,1.0430713982701867
1227,16961,1.031917046836899
10392,6176,1.029874707644776
36827,211,1.0293654554035072
146,1519,1.0284468073558526
2,23275,1.0254581191047802
632,1321,1.0227881340326328
143,989,1.0144812814086146
7508,7511,1.013230239864666
2054,756,1.0127691278835063
5065,756,1.012763523363891
1322,714,1.0115008256258884
1925,12517,1.0109085789560521
292,370,1.0106402346589027
1020,992,1.0086309319164313
16901,32,1.0067455710195476
146,6192,1.0027837118454224
1317,316,0.9963542335979405
714,147,0.9957348948546949
7982,138,0.9919125567723835
6,689,0.9918423474267981
1823,147,0.9912641907849246
4299,6882,0.9902024274669625
292,1229,0.9826115626262394
142,2419,0.9808744128585645
6,1451,0.9748047878029024
109,6,0.9739011553729633
6930,26,0.9735590403469282
12195,4753,0.9723243626049451
5942,8258,0.9711816034459051
7515,7514,0.9690179556831694
625,640,0.9687865956318503
36827,80,0.9667361156316792
979,1597,0.9666321723458484
5942,327,0.9664176784308508
1037,816,0.9620909193846893
292,3563,0.9620683890669457
51,1824,0.9587696345569757
45,11576,0.9580134870655781
4990,714,0.9561998199458754
5937,721,0.955030464876528
86,6069,0.9495686041194251
4259,633,0.9490150574666102
990,301,0.9484980593669201
23610,80,0.9454141594990646
6,1231,0.9451559631373126
2054,316,0.9415398339123304
731,80,0.9405230003740377
1451,4718,0.9396551453110813
6190,5931,0.9381339741397714
1442,5305,0.9373534141844839
2420,4990,0.9347463110650717
3952,6772,0.9306773852590828
1010,1309,0.9272239382918626
5932,1016,0.9264270270739555
349,992,0.9238222202809518
1310,638,0.9199860468110056
5578,80,0.9175205593379294
23275,143,0.917268704209076
22558,4,0.9127756216576739
1450,640,0.911156952035558
99,2298,0.91066310561623
1442,1310,0.9100079508153769
1062,4718,0.9077567603473966
1037,624,0.9033835759693025
371,14534,0.9009940546636123
4259,2984,0.8951377177504679
8126,23275,0.8922933053461537
407,620,0.891308921342347
750,6190,0.8865464465085559
624,8201,0.885653671846685
1925,44,0.8853224085155816
624,317,0.8774726738414771
4225,2943,0.8751471647284783
367,44,0.8740278750930864
640,23275,0.8725144592432137
2706,720,0.8663720089484268
330,2419,0.862114740614416
4298,6068,0.8583330071409595
995,10539,0.8566600757041163
206,708,0.8562765674803567
11024,4300,0.8558532437894276
141,3558,0.8511990388454957
5305,32,0.8468418471282897
400,7377,0.8462007513281861
6069,26865,0.845822561019049
1316,4219,0.8413916339583619
6175,6095,0.8385960905113758
36827,992,0.8383456759575428
5933,339,0.8381694677186728
998,6175,0.8343975822282341
1449,8125,0.8332501285246126
172,756,0.8321750097954044
32617,4919,0.8282468759262698
985,1317,0.8278708410619451
136,298,0.8267199160879906
298,2944,0.8267199160879906
9784,32269,0.8263889711350427
1314,362,0.8246709108566865
1309,759,0.8228285619861193
32617,720,0.8191796842581041
16901,400,0.8188991929506705
5313,1442,0.8179346096438573
39410,11025,0.8166602020319802
987,5697,0.8156347643427833
1311,2423,0.8150071789488655
25205,16668,0.8140186597952026
8126,88,0.813485529706911
99,27201,0.8128198827948618
7511,2420,0.8112158881964503
5937,1321,0.8101694258854323
136,602,0.8088010249902441
1014,19911,0.8080757371781798
370,11025,0.8076252099643387
46,112,0.8067167484327461
3558,12038,0.8040767065394425
403,140,0.801262879196553
1442,2420,0.8008509157134814
10625,140,0.8006177744345937
27838,32617,0.8005551796172907
140,1236,0.7999911535466669
11308,23275,0.797910449458467
6527,9710,0.7975022308841113
253,4300,0.7958448587338407
718,1324,0.7941603316067217
989,3399,0.7931657842282915
22558,2426,0.7927174346067976
2419,11573,0.7919396669003989
11599,37483,0.7914283689245449
989,4113,0.7887737602849914
10782,4113,0.7887737602849914
11308,6773,0.7863868818598732
12288,2053,0.7863017644931014
12200,12291,0.7863017644931014
89,1445,0.7843453000382903
141,4299,0.7834943361603373
8258,18944,0.7830633783132344
1014,720,0.7818267291508522
1015,720,0.7818267291508522
718,2984,0.7816997870314827
990,6773,0.780156632722174
362,6192,0.7784123750475076
689,14463,0.7781557123061962
1311,6174,0.7777491462535254
996,1227,0.7767778595040358
1597,4217,0.7767623913301769
385,11573,0.7751821944843897
1438,4071,0.7751573079537892
25205,8126,0.7724560269747041
108,158,0.7706605820456213
27,23919,0.769749878448106
23505,8,0.7691453565655684
18748,26,0.7688518289483715
6092,38,0.7669401292432709
731,624,0.763980073169333
99,8258,0.7625589874629921
1062,1450,0.762004995768631
27201,4298,0.7597634795659127
369,6775,0.7575060886080909
6178,108,0.7573055183713299
759,4753,0.7567893128268002
718,11024,0.7560385246640762
2216,12517,0.7558933007771877
6176,2970,0.7551595923689772
5937,2426,0.7533534566058664
9622,5697,0.7523748113778024
5805,8,0.7517543790852211
984,12288,0.7511336640766388
23993,8126,0.7506789251593509
5307,1446,0.7492420982905406
987,5937,0.7479456840118416
73,11573,0.746878145005732
23993,39,0.7442922169378927
140,317,0.7421963974626614
1324,11647,0.7418313961282792
750,15632,0.741119280816093
6527,1310,0.7409271120399058
10392,27,0.7390996153396352
4005,4225,0.7389825636805583
2706,5578,0.7387761423722967
1016,1311,0.7383678562424445
2421,2293,0.733206672693454
7393,5065,0.7327874505650736
979,79,0.7316903718683712
11022,1228,0.7314313319782537
301,1010,0.7306040324150428
2421,984,0.7279457914657308
1519,6322,0.7276710931462581
2296,359,0.7264918330609181
1010,5800,0.7263937847419704
7377,1313,0.726283835043007
721,1436,0.7253916051100726
2293,11647,0.7251518661090162
1037,4753,0.7241635674682153
1042,3952,0.723875749849882
77,3432,0.7233844090152677
37216,10,0.7230586152892581
1324,316,0.7177593393371652
1014,984,0.7176253603342465
2973,253,0.7143494169476261
26,4217,0.7111741422866372
333,6178,0.7075985192810277
292,6176,0.7068432998717891
32225,334,0.7061176951827681
9786,1503,0.705571399602039
290,359,0.705000239510609
5942,146,0.7033051538245896
6186,995,0.7030597733593178
1828,27678,0.6953882355371621
990,368,0.6942971375835778
12038,1020,0.6941383266704368
23610,1003,0.6929241061448196
997,6190,0.692686954558077
1450,89,0.6918285378891855
2055,6521,0.6915766827603321
2296,15436,0.6900359403548751
6,4298,0.689747919877972
3430,137,0.689678133297456
632,12038,0.689478955791589
3549,899,0.6863148994886373
1238,1823,0.6841892133709133
6772,9622,0.6840370312088123
15436,143,0.6815241412388875
689,46,0.6814849176574682
712,4294,0.6812897613606917
2760,979,0.6812897613606917
369,1925,0.6797053317571209
5315,407,0.6792465437902172
5315,5802,0.6792465437902172
4298,619,0.67619704949899
1240,5800,0.6711376593140084
689,714,0.6676164013906681
6178,51,0.6643949937750864
86,5314,0.663138725043781
372,34728,0.662258244480738
29,604,0.6604760492888175
7982,8633,0.6599865033519957
7511,8,0.65661695495952
915,400,0.6563691994070403
45,400,0.6541286151877255
7982,12040,0.6525685562651431
51,27838,0.6518419581268409
12637,26,0.6508551027803138
713,27201,0.647387727656852
27678,5937,0.6472939453250042
8201,407,0.6464695681090051
10625,93,0.6381734335927973
161,2419,0.6339098291957472
996,620,0.6307824050687041
3115,1925,0.6307824050687041
677,13273,0.6304431295788073
2970,6521,0.6285603672534642
211,14534,0.628465696319163
4298,352,0.6258566653339359
81,1500,0.6250148769152966
30485,34728,0.6213349345596119
1501,1238,0.6204896575220425
407,7291,0.616561165303966
7982,997,0.615563266700024
407,13273,0.6138553528602697
291,13273,0.6138553528602697
997,625,0.6128635139709577
45,708,0.6120372308043844
9710,988,0.6107460941041915
2417,638,0.6095151206513468
1438,407,0.6089057799594997
81,3119,0.608672084239331
816,1757,0.607029304930548
10539,459,0.604681571075012
290,1836,0.6022066496874476
5697,1228,0.5994822631235063
45,12754,0.598423030891166
11576,362,0.5982364724954583
1501,11576,0.5982364724954583
5314,11576,0.5982364724954583
5804,13716,0.5977412468174421
1299,50,0.5968510974985308
1231,604,0.5964738735580699
1231,1597,0.5964738735580699
4218,720,0.5959243945068532
6526,93,0.5954666846079275
6186,6775,0.5952454905304401
3115,604,0.5943313244279032
77,8201,0.5938365666462946
408,465,0.5937691557510646
16901,816,0.5927979612130635
10390,1445,0.5919338813425343
39410,996,0.5919338813425343
1824,2420,0.5913685868973815
5697,6092,0.5913083047203755
4005,176,0.5911560497669142
10390,619,0.5909883081685761
79,896,0.5903136703341054
29,708,0.5881808805933325
1988,620,0.5862127641625355
1311,633,0.5857430111259416
739,1003,0.584801574578653
369,867,0.5827935168970934
13273,7111,0.5730694170708297
99,1925,0.5730091646584083
1925,330,0.5730091646584083
1324,158,0.5724730902826908
81,988,0.5716682777099376
8126,80,0.5711866591822299
994,503,0.5699326247827674
990,29,0.5684715035330128
713,44,0.5684715035330128
333,965,0.5677428497214417
400,26,0.5658143236733536
2419,176,0.5627989395142762
4225,407,0.5622917069017792
403,6176,0.5620131121140027
26,13273,0.5609365262586192
12040,334,0.5600125457074517
34,1311,0.5573424511351491
1440,1238,0.5570792618948144
739,1324,0.5570792618948144
30,4162,0.5570792618948144
106,1227,0.5565930105193643
5065,50,0.5560185454097604
3399,335,0.5552033603594302
2216,138,0.5552033603594302
86,27838,0.5544534655108625
635,4004,0.5544364066444554
1313,8258,0.5542140961911435
1438,712,0.5527963781142381
146,6175,0.5525964230087015
11308,1015,0.5519586763312762
30,603,0.551845471151351
2296,4299,0.5501849577383995
27678,10,0.5492074745974164
5304,32,0.5476619391167198
739,27838,0.5465167190025819
5067,7515,0.5455237839991738
999,143,0.5442915454972793
8633,400,0.5442915454972793
13716,206,0.5434287715860106
5305,459,0.5434287715860106
1240,12754,0.5422177871008342
712,13648,0.5416238774551095
999,403,0.5412135410493424
18566,5065,0.5408803573344572
136,2666,0.5402314856816347
6176,18268,0.5396352044227204
9622,28620,0.5388723786984746
50,28446,0.5382272739365153
173,27678,0.5374852220344568
316,1921,0.5369645065762618
74,3264,0.5363594887285499
4718,11573,0.5356011922067706
4072,4919,0.5336259655969303
4071,731,0.5335702195422246
136,1014,0.5335398780008365
13043,3264,0.5335398780008365
998,8312,0.532778344853765
6092,759,0.5323547086038369
4005,17128,0.5312726715528997
2298,2944,0.5312726715528997
17128,14782,0.5312726715528997
8682,18268,0.5301299556112975
27303,6180,0.5296919124611975
1011,220,0.5274808116740928
1310,5697,0.5260432896867142
7982,1579,0.5256028878471235
28446,26865,0.525333859090118
1231,1236,0.5250127947947738
3399,6773,0.524523695370993
8258,6180,0.5233330761409627
29,1501,0.522666225822114
4299,12754,0.5224276131861346
371,206,0.5211772300848296
3264,6773,0.5204263305499024
6190,28933,0.520206210730572
27303,5931,0.5201951747171221
27303,713,0.5188250226936029
713,4919,0.5188250226936029
1322,27838,0.5187664828766718
1449,6180,0.518661445697401
141,15312,0.5177080064628602
19119,408,0.5170889010482658
20680,7982,0.5170320891579053
3432,756,0.5168986976687063
4919,6527,0.5167989136192362
27678,10390,0.5161553220902262
359,16961,0.5157013451192369
4072,988,0.5155610538788855
1299,1317,0.5147674068882152
146,4753,0.5139399854426603
7515,10,0.5138983423697507
349,1317,0.5130387908600021
138,1314,0.5126828683349146
3115,73,0.5121511314893464
1313,2426,0.5117857230950262
15632,383,0.5104994501848839
4071,919,0.5099569967793738
1442,11963,0.5092705135000773
1020,50,0.5091357576856873
1010,992,0.5088262207194376
1240,1011,0.5088262207194376
677,7377,0.5084250180762362
4718,5799,0.5081714561995331
1324,2666,0.5044465378724888
143,3399,0.5034881270889053
1020,5799,0.5034881270889053
10755,1438,0.5031095060508677
1062,27678,0.5026299148576013
3432,5800,0.5026299148576013
4300,27838,0.5018401230996539
891,1442,0.5015989701465144
11866,370,0.501510367675786
10392,3399,0.5006133239585366
11022,30056,0.5005268244932208
624,4217,0.4997227032328876
13043,8633,0.4983350719388419
3563,158,0.49748741948305975
4218,34728,0.4968509967969383
2,1921,0.49558481336402627
403,13716,0.49558481336402627
367,1503,0.4955114454413074
1450,158,0.4955114454413074
2,11573,0.49323840786779793
1519,4004,0.4926166904722453
1442,605,0.49156460712359595
621,987,0.4900793411142308
919,2419,0.48944921662180807
12754,141,0.48938709029454996
363,37216,0.48875715261865493
349,5578,0.48838933246260696
143,1317,0.4881617761305189
15635,291,0.48755982699888295
1317,23993,0.48719709369607256
19334,12038,0.485834661561513
4217,26865,0.48548212083789327
1871,4225,0.48507583369743473
1313,1299,0.4846885101574662
1921,10,0.4834204351179843
1014,373,0.4827637557088297
11599,996,0.4827637557088297
1316,1014,0.4827637557088297
998,6176,0.4812897806959856
731,6185,0.48002679959278616
6930,16438,0.4800052892285125
1314,1267,0.476592774372613
1015,2943,0.476592774372613
147,371,0.47612586851115773
1824,5931,0.4760220194680732
369,10625,0.47598530505517844
5574,4,0.4757334530233085
1450,38,0.4744557620554987
112,408,0.47404229731142133
4696,6186,0.47352466100039176
7508,291,0.47292528108067866
44,4919,0.47232732445324205
31,16668,0.47232732445324205
987,1311,0.4708214698233905
6186,759,0.4690437280651553
5578,459,0.4690437280651553
86,15436,0.4690437280651553
37216,12754,0.4671159224037279
919,330,0.4666701825802098
21348,206,0.46592657800000326
1324,6190,0.4649445226322956
4298,990,0.4640558984292281
9626,50,0.46373714393299925
731,6190,0.46336186353842357
997,759,0.46268659821032554
2423,10782,0.4626864932856578
32225,640,0.46076090283463667
8,4753,0.4598151084534301
11599,1309,0.45966069797717746
19911,33572,0.45511961331341866
9040,750,0.45511961331341866
1014,985,0.453367990397801
6188,1037,0.453367990397801
1003,19911,0.4532518281054533
316,4753,0.4532518281054533
5315,32,0.4521877400850982
79,1450,0.4521877400850982
79,172,0.4521877400850982
32225,359,0.4518915201831861
7511,301,0.4510398562753132
367,459,0.4499228400445705
292,16759,0.4499228400445705
2706,1005,0.44989215274269967
5942,137,0.44989215274269967
2760,253,0.44847683127277416
998,3432,0.44847683127277416
1324,142,0.44447205114806115
308,23919,0.44379621217078247
13043,369,0.4405403158548362
6176,988,0.4405403158548362
6178,327,0.4398952110928769
291,1921,0.4368351871183771
6178,290,0.4368351871183771
714,9786,0.4368351871183771
1231,1440,0.435324339632578
6192,23993,0.43512021426019776
99,15312,0.4340226457601985
4718,677,0.42970225306477006
27201,373,0.42905714830281066
5578,158,0.42718936309484523
990,206,0.42599712432831083
51,9622,0.42599712432831083
1450,80,0.42428215147013154
6190,759,0.4231845829701323
6190,142,0.4231845829701323
1316,677,0.4231845829701323
1579,1003,0.4216019238762603
6778,1003,0.4216019238762603
27201,5805,0.4216019238762603
12200,12205,0.4170323914242463
5304,2293,0.4170323914242463
3419,6187,0.4170323914242463
1005,8594,0.4170323914242463
292,383,0.4170323914242463
79,2760,0.4170323914242463
16131,2423,0.4138327460822689
8312,677,0.40242960438184466
8312,383,0.40242960438184466
1231,2421,0.40242960438184466
5799,7291,0.3898712452512801
4400,51,0.3898712452512801
45,1300,0.3898712452512801
13048,220,0.3898712452512801
987,16759,0.3898712452512801
4919,756,0.3789231816899512
403,28933,0.3789231816899512
15632,30486,0.36926937306885504
301,21348,0.36926937306885504
4819,220,0.36926937306885504
1690,46,0.36926937306885504
2707,403,0.36926937306885504
2707,8126,0.36926937306885504
25683,317,0.36067376022224085
4113,206,0.36067376022224085
77,5064,0.35295612386476116
8,708,0.35295612386476116
6930,7512,0.35295612386476116
32617,6930,0.35295612386476116
503,27303,0.3459762562611936
10390,816,0.3459762562611936
27303,5697,0.3459762562611936
3419,3117,0.3396232718951086
1438,4219,0.3396232718951086
689,6526,0.33380820069533407
10755,220,0.33380820069533407
10889,79,0.33380820069533407
714,756,0.3284587387530511
4619,206,0.3284587387530511
138,731,0.3284587387530511
10625,1236,0.3284587387530511
8131,50,0.3284587387530511
13273,6882,0.32351545314867247
816,1441,0.32351545314867247
13273,317,0.32351545314867247
354,2054,0.318928988903801
176,1267,0.318928988903801
632,1042,0.31465798044412485
2943,354,0.31465798044412485
12038,176,0.31465798044412485
8125,1313,0.31465798044412485
73,371,0.31465798044412485
2944,13273,0.31066746727980593
74,459,0.31066746727980593
731,603,0.31066746727980593
603,10889,0.31066746727980593
15312,996,0.31066746727980593
2054,407,0.30692767643013485
979,12040,0.30692767643013485
1014,5313,0.30692767643013485
6526,383,0.30692767643013485
1014,3419,0.30692767643013485
38,5064,0.30341307554227914
1231,4223,0.30341307554227914
211,619,0.30341307554227914
1928,14122,0.3001016285004131
298,3558,0.3001016285004131
621,8131,0.3001016285004131
1232,1871,0.3001016285004131
161,7708,0.3001016285004131
10755,10538,0.3001016285004131
12288,12298,0.2969742043733701
141,10625,0.2969742043733701
12195,12298,0.2969742043733701
362,11573,0.2969742043733701
21361,136,0.2969742043733701
4919,13048,0.2969742043733701
2216,6,0.29401410379520604
32,5314,0.29401410379520604
28620,459,0.29401410379520604
5937,1921,0.29401410379520604
12192,206,0.29401410379520604
30661,206,0.29401410379520604
4259,12040,0.29401410379520604
28620,339,0.29401410379520604
3549,12040,0.29401410379520604
339,4477,0.29401410379520604
2417,173,0.29401410379520604
3399,847,0.29401410379520604
27303,37764,0.29401410379520604
383,623,0.29401410379520604
21362,6526,0.29401410379520604
15541,689,0.29120667621996243
1322,2298,0.29120667621996243
12754,689,0.29120667621996243
38,13273,0.29120667621996243
6095,73,0.29120667621996243
11866,759,0.28853900817779266
2417,1921,0.28853900817779266
625,8125,0.28853900817779266
4259,23919,0.28853900817779266
9786,759,0.28853900817779266
9786,1988,0.28853900817779266
2417,359,0.28853900817779266
5804,1011,0.28853900817779266
624,1871,0.28853900817779266
1921,677,0.28853900817779266
1042,18749,0.28599966750267436
2760,8633,0.28599966750267436
816,4223,0.2835784920513334
327,4223,0.2835784920513334
363,4718,0.2835784920513334
11647,2973,0.2835784920513334
1501,11963,0.2835784920513334
4753,9784,0.2835784920513334
7849,211,0.28126641406272834
6,28102,0.28126641406272834
45,1010,0.28126641406272834
1313,5065,0.28126641406272834
4400,4073,0.28126641406272834
14902,1014,0.28126641406272834
14902,4073,0.28126641406272834
108,39410,0.28126641406272834
7849,298,0.28126641406272834
5313,1228,0.28126641406272834
11599,5800,0.28126641406272834
6178,713,0.2790553132756236
36827,713,0.2790553132756236
6178,4005,0.2790553132756236
2418,624,0.2790553132756236
11025,2973,0.2790553132756236
12042,8312,0.2790553132756236
624,6178,0.2790553132756236
635,407,0.2769378934088574
7291,408,0.2769378934088574
17128,407,0.2769378934088574
1441,81,0.2769378934088574
2760,620,0.2769378934088574
602,2973,0.2769378934088574
2970,7511,0.2769378934088574
2707,625,0.2769378934088574
134,6187,0.2749075777424936
11647,1921,0.2749075777424936
39410,16759,0.2749075777424936
10539,15541,0.2749075777424936
30,39410,0.2749075777424936
21362,2293,0.2749075777424936
15541,316,0.2729584204093974
5943,2973,0.2729584204093974
4298,12040,0.2729584204093974
5574,15466,0.2729584204093974
6521,756,0.2729584204093974
8201,26,0.2729584204093974
15541,756,0.2729584204093974
9622,352,0.2710850306818168
4225,915,0.2710850306818168
623,10539,0.2710850306818168
998,10539,0.2710850306818168
8682,1988,0.2710850306818168
1519,759,0.269282508064391
176,5064,0.269282508064391
3558,3666,0.269282508064391
163,988,0.269282508064391
3668,32225,0.269282508064391
3666,142,0.269282508064391
134,915,0.269282508064391
2421,9716,0.269282508064391
5064,4294,0.269282508064391
756,18748,0.269282508064391
32,5804,0.269282508064391
739,40,0.267546386419054
19119,400,0.267546386419054
2296,308,0.267546386419054
6,19911,0.265872585674852
109,352,0.265872585674852
1236,11573,0.265872585674852
503,11573,0.265872585674852
352,13311,0.265872585674852
3554,12192,0.265872585674852
5802,19119,0.265872585674852
1925,1011,0.265872585674852
5805,14782,0.265872585674852
739,1519,0.265872585674852
1020,9711,0.265872585674852
8312,339,0.26425736993644544
979,25205,0.26425736993644544
291,8125,0.26425736993644544
960,4225,0.26425736993644544
23505,137,0.26425736993644544
4225,1062,0.26425736993644544
13043,333,0.26425736993644544
979,731,0.26425736993644544
7377,19911,0.26425736993644544
12293,7515,0.26425736993644544
51,1019,0.26425736993644544
990,18268,0.26425736993644544
28620,359,0.26425736993644544
8201,3399,0.26425736993644544
4718,739,0.26425736993644544
1690,1449,0.26425736993644544
4919,1015,0.26425736993644544
1836,17605,0.26269731101386307
18566,1928,0.26269731101386307
2216,8,0.2611892565642242
4113,5943,0.2611892565642242
37216,339,0.2611892565642242
990,138,0.25973030217227155
1299,5313,0.25973030217227155
1037,73,0.25973030217227155
8682,3119,0.25973030217227155
373,12289,0.25831776680732876
2053,88,0.25831776680732876
2055,5314,0.25562221863533147
6174,4071,0.25562221863533147
143,18944,0.25433477814404226
12042,1597,0.25433477814404226
32617,2943,0.25433477814404226
3554,3562,0.25433477814404226
720,18944,0.25433477814404226
16901,459,0.25433477814404226
27201,4071,0.25433477814404226
363,12038,0.25433477814404226
712,27201,0.25433477814404226
6772,8125,0.25433477814404226
14782,3117,0.25433477814404226
137,6521,0.2530848692773169
1232,28446,0.2530848692773169
759,965,0.2530848692773169
625,74,0.2506903984389969
2944,79,0.2506903984389969
173,720,0.2506903984389969
173,74,0.2506903984389969
27303,211,0.24954251462921184
323,14534,0.24954251462921184
3554,211,0.24954251462921184
4218,220,0.24842549839846914
359,88,0.24842549839846914
211,4218,0.24842549839846914
2706,316,0.24842549839846914
25683,1310,0.24842549839846914
8312,25683,0.24842549839846914
16759,1835,0.24842549839846914
13311,17967,0.24842549839846914
11866,16759,0.24842549839846914
3952,7849,0.24842549839846914
7515,985,0.24842549839846914
1449,4218,0.24842549839846914
19119,1005,0.24842549839846914
142,7514,0.24842549839846914
34728,1005,0.24842549839846914
7708,173,0.24627854581449443
39410,1313,0.24627854581449443
17967,1240,0.24627854581449443
12517,10755,0.24627854581449443
10755,4225,0.24627854581449443
7708,370,0.24627854581449443
6780,708,0.2442393366759723
6780,1450,0.2442393366759723
2666,6185,0.24325728130826463
16438,30661,0.24325728130826463
5937,33051,0.24325728130826463
14902,8312,0.24325728130826463
30661,33051,0.24325728130826463
4072,896,0.24325728130826463
6095,4619,0.24325728130826463
18748,16961,0.24325728130826463
5574,2,0.2422988705246811
383,23919,0.2422988705246811
6,10625,0.24044917348149392
3119,7511,0.24044917348149392
4990,708,0.24044917348149392
21348,6527,0.23955611574701857
1438,37483,0.23955611574701857
112,30485,0.23955611574701857
11530,37216,0.23955611574701857
605,37764,0.23955611574701857
18566,5578,0.23955611574701857
4400,1757,0.23782951347935782
13048,2706,0.23782951347935782
621,4619,0.23782951347935782
2970,360,0.23782951347935782
5942,2055,0.23699447183691388
1311,2055,0.23699447183691388
896,6775,0.23699447183691388
1519,1311,0.23699447183691388
1436,6093,0.23617733727628992
4113,18944,0.23617733727628992
4113,6772,0.23617733727628992
5313,77,0.23382699798647663
919,6191,0.23382699798647663
1231,37216,0.23382699798647663
42619,18749,0.2302128900546512
1228,30661,0.2302128900546512
8312,1228,0.2302128900546512
6068,27838,0.2302128900546512
37764,6773,0.2302128900546512
1440,137,0.2282049114186687
407,11022,0.2282049114186687
1928,1005,0.2282049114186687
6882,362,0.2282049114186687
136,847,0.22755980665670933
46,8258,0.22755980665670933
19911,2419,0.22755980665670933
10625,847,0.22755980665670933
1042,18944,0.22569202144874392
44,19911,0.22569202144874392
349,1501,0.22569202144874392
81,2423,0.22569202144874392
7513,1011,0.22569202144874392
19334,1436,0.22569202144874392
988,3264,0.22569202144874392
11963,5932,0.22569202144874392
1227,6185,0.22569202144874392
7508,27,0.22449978268220952
4298,301,0.22449978268220952
731,407,0.22449978268220952
9786,206,0.22449978268220952
363,6178,0.22449978268220952
15632,403,0.22449978268220952
620,21691,0.22449978268220952
363,1442,0.22449978268220952
990,32225,0.22449978268220952
3432,363,0.22449978268220952
984,15632,0.22449978268220952
9711,15632,0.22449978268220952
1442,15632,0.22449978268220952
15436,106,0.2227848098240302
5932,15312,0.2227848098240302
4919,4004,0.2227848098240302
633,4919,0.2227848098240302
2054,22558,0.2227848098240302
2760,51,0.2227848098240302
21348,291,0.22168724132403095
2054,335,0.22168724132403095
1062,1310,0.22168724132403095
21348,5942,0.22168724132403095
21348,1062,0.22168724132403095
2426,15635,0.22168724132403095
1005,5943,0.22168724132403095
5307,5933,0.2201045822301589
301,8682,0.2201045822301589
12294,12291,0.2201045822301589
229,316,0.2201045822301589
997,163,0.2201045822301589
6930,108,0.2201045822301589
12294,5933,0.2201045822301589
11599,756,0.2201045822301589
163,10392,0.2201045822301589
6930,28933,0.2201045822301589
8682,367,0.2201045822301589
10782,12294,0.2201045822301589
6930,12294,0.2201045822301589
12293,1310,0.2201045822301589
1579,4072,0.2201045822301589
211,74,0.21233540443616755
721,9786,0.21233540443616755
1267,8594,0.21233540443616755
1835,112,0.21233540443616755
5574,372,0.21233540443616755
13043,18749,0.21233540443616755
5574,1757,0.21233540443616755
16131,11022,0.21233540443616755
891,3430,0.20149734164610134
1446,89,0.20149734164610134
16131,8,0.20149734164610134
1020,1321,0.20149734164610134
6772,6778,0.20149734164610134
6,15541,0.20149734164610134
15541,8,0.20149734164610134
291,18748,0.20149734164610134
16668,308,0.20149734164610134
1757,759,0.20149734164610134
11599,1037,0.20149734164610134
11599,1828,0.20149734164610134
12038,45,0.20149734164610134
4718,5315,0.20149734164610134
1925,6190,0.20149734164610134
367,1321,0.20149734164610134
632,5315,0.20149734164610134
638,21691,0.20149734164610134
23919,40,0.20149734164610134
360,10390,0.20149734164610134
1579,1503,0.20149734164610134
23610,1236,0.20149734164610134
298,32225,0
965,14825,0
106,9626,0
6930,1833,0
979,16668,0
23993,1062,0
1037,4217,0
867,1299,0
5802,459,0
1322,14902,0
10538,1828,0
19119,1236,0
731,1503,0
4259,6780,0
689,26865,0
998,5802,0
14902,147,0
988,383,0
15436,335,0
88,2421,0
2943,140,0
5937,88,0
27698,1445,0
1322,2944,0
10625,317,0
161,34728,0
1236,20680,0
8591,1037,0
979,3119,0
9710,965,0
8594,88,0
1042,5805,0
16131,220,0
4259,1229,0
8312,8,0
11963,10,0
5065,339,0
25683,88,0
9711,335,0
26891,93,0
1988,4753,0
31700,756,0
7515,301,0
5931,6095,0
385,4619,0
1835,316,0
229,352,0
847,21348,0
3549,4225,0
965,19334,0
352,15312,0
1267,16759,0
16901,5694,0
10625,3419,0
349,2944,0
19119,352,0
3554,3557,0
11252,408,0
7393,465,0
1230,1010,0
383,6778,0
36827,867,0
1835,354,0
965,7111,0
1231,1232,0
12293,2417,0
1062,11866,0
1267,6187,0
3549,17967,0
979,12517,0
44,18749,0
9784,220,0
9716,8,0
17128,689,0
327,22354,0
739,26865,0
17967,407,0
4004,8201,0
1267,10539,0
363,5805,0
987,22558,0
26891,46,0
89,1519,0
403,4217,0
465,11866,0
965,26891,0
6092,220,0
15466,291,0
1014,1324,0
290,6191,0
93,11022,0
739,7393,0
8131,323,0
7514,317,0
44,1310,0
28101,27698,0
161,19911,0
14782,317,0
4619,756,0
13716,137,0
5305,15466,0
635,5694,0
161,8126,0
1503,6187,0
816,18944,0
86,3558,0
619,731,0
8594,8,0
621,689,0
42619,816,0
2055,3668,0
11081,3115,0
17331,352,0
16759,354,0
10889,220,0
37216,1871,0
8591,1988,0
39410,161,0
1228,5064,0
899,317,0
4162,50,0
45,14534,0
5931,1503,0
23921,503,0
327,9711,0
93,1451,0
4819,33572,0
26865,459,0
39,28933,0
16333,6185,0
400,26865,0
21362,689,0
9710,86,0
965,18944,0
352,17605,0
11866,8,0
15466,220,0
359,106,0
34,12294,0
13311,81,0
19119,339,0
32617,349,0
1310,8312,0
960,32269,0
960,10889,0
10625,1231,0
3549,23921,0
15635,93,0
39410,323,0
4072,354,0
13311,8,0
4919,677,0
161,15541,0
1267,12038,0
15436,352,0
7112,22354,0
31700,383,0
7849,1503,0
750,13716,0
3430,465,0
15541,81,0
7393,88,0
465,74,0
14902,50,0
349,27303,0
635,713,0
23993,161,0
327,6773,0
12042,756,0
4696,106,0
11866,816,0
10538,400,0
2760,88,0
349,1757,0
16333,292,0
712,5802,0
86,3432,0
867,1823,0
2944,220,0
301,14902,0
10392,93,0
7393,2055,0
44,3115,0
731,759,0
112,354,0
21361,317,0
39410,407,0
6190,1317,0
4071,3563,0
4919,352,0
987,26865,0
5578,88,0
253,3119,0
34728,6191,0
503,13043,0
1231,1010,0
13716,623,0
33471,4819,0
28102,6176,0
2418,39410,0
1267,7291,0
4073,1442,0
30056,10,0
10755,7707,0
605,31698,0
503,12294,0
22354,3119,0
11252,86,0
36827,619,0
1519,31698,0
5304,14902,0
1313,1011,0
4073,106,0
22354,4294,0
9040,6192,0
2943,1500,0
33471,349,0
31700,109,0
12298,14782,0
5305,2216,0
5313,9786,0
602,25205,0
367,12809,0
6882,12200,0
1019,2298,0
14540,22558,0
990,370,0
10782,1835,0
3562,2421,0
8131,867,0
30661,7515,0
7393,25522,0
998,28101,0
1005,17128,0
689,708,0
383,4696,0
3432,17331,0
1441,32269,0
23919,8682,0
2943,11963,0
2427,7515,0
6187,27698,0
6,5804,0
360,4819,0
1321,625,0
14782,6094,0
7508,2419,0
3668,51,0
7707,3554,0
11866,2417,0
33572,5933,0
73,1579,0
363,638,0
27028,6,0
1921,1322,0
15436,915,0
12294,1925,0
16333,4819,0
8125,15632,0
1835,3554,0
20680,18748,0
1232,12288,0
11023,1231,0
5933,3115,0
6775,2216,0
5937,1313,0
8682,713,0
4219,7513,0
3119,1500,0
173,89,0
143,13273,0
6526,6094,0
8591,5307,0
2707,8131,0
4218,1317,0
352,6068,0
27838,12195,0
14463,1238,0
7514,1228,0
15632,26891,0
739,4219,0
17333,6778,0
1324,847,0
13311,172,0
3563,18566,0
816,7707,0
21348,7708,0
8312,2293,0
11025,1436,0
2970,7512,0
720,30485,0
20904,1016,0
31696,7511,0
503,7511,0
11530,2216,0
1925,10755,0
31696,2053,0
22558,4477,0
2419,7707,0
2417,17333,0
17605,896,0
23921,1311,0
26891,8312,0
143,34274,0
9784,2053,0
14463,1501,0
25522,140,0
11599,10755,0
5804,7377,0
713,229,0
26865,2666,0
6180,1836,0
23921,720,0
11252,720,0
14534,11599,0
32269,4696,0
6093,16759,0
1921,9040,0
4217,6882,0
3419,985,0
26865,7512,0
31696,13043,0
1450,11252,0
5313,36827,0
1267,2298,0
1042,7111,0
1503,11963,0
4300,7513,0
992,26891,0
12195,11023,0
1042,11024,0
1690,9040,0
3557,359,0
713,7514,0
23921,12298,0
1520,1928,0
18268,9710,0
30486,5313,0
4919,21361,0
23921,6780,0
12040,816,0
30486,1835,0
7111,2666,0
9040,2760,0
19911,714,0
27678,33051,0
1005,33051,0
34274,7377,0
136,407,0
1299,33471,0
1240,8312,0
604,30,0
39,13273,0
15635,25683,0
632,7513,0
16438,12809,0
28102,1925,0
30486,1230,0
42619,30486,0
26,12200,0
5802,3563,0
4819,1313,0
16961,996,0
12195,4619,0
352,15466,0
1436,15541,0
1690,5304,0
16961,17967,0
6322,16759,0
327,6322,0
7513,7708,0
11866,38,0
2707,985,0
12205,4300,0
1921,7465,0
21348,1500,0
30486,621,0
633,8312,0
620,816,0
1835,349,0
6094,31700,0
176,6180,0
339,14825,0
915,11866,0
14540,142,0
301,33471,0
14825,30056,0
1238,9040,0
6,7707,0
11573,9784,0
12200,99,0
8201,39,0
80,3666,0
10755,146,0
8591,620,0
301,4217,0
984,370,0
11866,26865,0
176,10755,0
2298,7512,0
11023,5694,0
38,7708,0
21691,9784,0
1823,4819,0
465,8131,0
31700,3952,0
12298,39410,0
8633,13311,0
12298,27,0
42619,960,0
10538,220,0
13648,31696,0
640,12559,0
4696,31696,0
7707,1309,0
960,28620,0
2293,10889,0
6780,3668,0
6093,12291,0
1042,1231,0
8131,1928,0
27028,10390,0
6882,7514,0
25522,640,0
1267,6778,0
5694,308,0
1240,14122,0
12559,12809,0
12754,1229,0
9040,80,0
11252,5064,0
7514,638,0
25683,8594,0
1451,6930,0
11963,10538,0
33051,80,0
317,19119,0
29892,21361,0
8258,1690,0
14122,750,0
33051,137,0
6187,2216,0
712,28101,0
7512,37216,0
12291,79,0
16901,12195,0
13648,15632,0
12195,16668,0
12517,2707,0
7512,621,0
38553,371,0
16668,465,0
12192,23919,0
4294,17128,0
28102,15632,0
33572,1438,0
13048,1500,0
17605,15541,0
867,2053,0
34,30485,0
7513,9040,0
5943,21361,0
3549,1579,0
352,988,0
27698,45,0
731,3563,0
7291,2706,0
3563,2420,0
1005,11647,0
6185,3558,0
4217,1828,0
229,605,0
19911,18944,0
1597,12559,0
3554,1229,0
176,7513,0
4718,6930,0
4071,2666,0
21361,137,0
37764,621,0
1690,5943,0
6192,16333,0
14825,99,0
12195,632,0
99,12637,0
7465,4298,0
5,10539,0
12038,12559,0
3668,11023,0
354,2421,0
4300,11308,0
74,12200,0
996,42619,0
960,3432,0
20904,352,0
28933,1236,0
4294,1321,0
997,11025,0
27303,143,0
8594,14825,0
8594,6095,0
371,4294,0
6882,2666,0
12200,2426,0
5574,1451,0
17333,6188,0
18269,4217,0
176,867,0
6191,3399,0
3558,7514,0
7708,896,0
22558,8125,0
1442,15466,0
4300,759,0
7291,1503,0
16131,20680,0
6175,27201,0
1322,30486,0
6322,2417,0
2419,12809,0
27698,2296,0
12559,965,0
30485,1436,0
2298,677,0
623,5313,0
7465,2984,0
50,6176,0
8131,22354,0
30056,137,0
1230,998,0
23919,5802,0
11022,459,0
20904,6775,0
211,9784,0
2427,21691,0
32269,368,0
333,27698,0
7514,363,0
317,11530,0
619,12205,0
14782,19911,0
93,6094,0
46,7291,0
327,12291,0
465,5937,0
4298,2427,0
14782,632,0
2666,15312,0
6190,11576,0
13273,11599,0
1928,9040,0
6185,10539,0
960,9626,0
720,9784,0
1579,7512,0
30486,6188,0
8131,28102,0
11573,6191,0
1500,27838,0
7393,12637,0
17331,6322,0
1828,16901,0
39410,7112,0
7291,714,0
4073,17605,0
1238,6186,0
960,372,0
10539,1501,0
10539,12559,0
28101,3666,0
12042,6095,0
899,27698,0
2053,11963,0
14902,915,0
2420,5314,0
21691,22354,0
9716,1037,0
1019,6778,0
9784,323,0
1441,10755,0
14782,109,0
8591,11963,0
12040,371,0
323,2421,0
15466,1016,0
371,25522,0
112,2666,0
44,30485,0
28101,847,0
1690,998,0
2421,408,0
138,14902,0
9784,712,0
7707,18566,0
5942,9040,0
143,7512,0
635,3563,0
99,6780,0
2707,109,0
759,3432,0
34728,163,0
602,28933,0
3563,759,0
1236,38553,0
33051,21362,0
37483,623,0
45,34274,0
5804,2293,0
